{
  "accuracy": 0.96,
  "confusion_matrix": [
    [
      67,
      1,
      5,
      2
    ],
    [
      0,
      75,
      0,
      0
    ],
    [
      3,
      0,
      72,
      0
    ],
    [
      1,
      0,
      0,
      74
    ]
  ],
  "per_class_metrics": {
    "healthy": {
      "precision": 0.9436619718309859,
      "recall": 0.8933333333333333,
      "f1": 0.9178082191780822,
      "support": 75
    },
    "diabetes": {
      "precision": 0.9868421052631579,
      "recall": 1.0,
      "f1": 0.9933774834437086,
      "support": 75
    },
    "hypertension": {
      "precision": 0.935064935064935,
      "recall": 0.96,
      "f1": 0.9473684210526315,
      "support": 75
    },
    "heart_disease": {
      "precision": 0.9736842105263158,
      "recall": 0.9866666666666667,
      "f1": 0.9801324503311258,
      "support": 75
    }
  }
}