{
  "st_depression": 0.2834078708652811,
  "hba1c": 0.12686833860177607,
  "systolic_bp": 0.1186632034708984,
  "diastolic_bp": 0.09767698155021823,
  "bmi": 0.08137620741604698,
  "resting_ecg": 0.044771896400903136,
  "age": 0.03935936789190911,
  "sex_encoded": 0.03861504931405196,
  "max_heart_rate": 0.027572180913291843,
  "total_cholesterol": 0.026871876279885083,
  "st_slope": 0.024819672000509822,
  "fasting_glucose": 0.02378485814172728,
  "family_history_diabetes": 0.020176825581920684,
  "smoking_status": 0.02005986860562031,
  "heart_rate": 0.01355215307040894,
  "exercise_angina": 0.007522619270287218,
  "chest_pain_type": 0.004901030625263868,
  "ldl_cholesterol": 0.0,
  "hdl_cholesterol": 0.0,
  "triglycerides": 0.0,
  "family_history_cvd": 0.0,
  "prior_hypertension": 0.0,
  "prior_diabetes": 0.0,
  "prior_heart_disease": 0.0,
  "on_bp_medication": 0.0,
  "on_diabetes_medication": 0.0,
  "on_cholesterol_medication": 0.0
}